--
-- PostgreSQL database dump
--

\restrict SrkjOxNVCgDTDJhFYg0NMAoO1NPPfH6UnuMb2iDhbWRvD1h8FA6QyXhb3sdhER4

-- Dumped from database version 15.16 (Debian 15.16-0+deb12u1)
-- Dumped by pg_dump version 15.16 (Debian 15.16-0+deb12u1)

SET statement_timeout = 0;
SET lock_timeout = 0;
SET idle_in_transaction_session_timeout = 0;
SET client_encoding = 'UTF8';
SET standard_conforming_strings = on;
SELECT pg_catalog.set_config('search_path', '', false);
SET check_function_bodies = false;
SET xmloption = content;
SET client_min_messages = warning;
SET row_security = off;

SET default_tablespace = '';

SET default_table_access_method = heap;

--
-- Name: auth_group; Type: TABLE; Schema: public; Owner: serg
--

CREATE TABLE public.auth_group (
    id integer NOT NULL,
    name character varying(150) NOT NULL
);


ALTER TABLE public.auth_group OWNER TO serg;

--
-- Name: auth_group_id_seq; Type: SEQUENCE; Schema: public; Owner: serg
--

ALTER TABLE public.auth_group ALTER COLUMN id ADD GENERATED BY DEFAULT AS IDENTITY (
    SEQUENCE NAME public.auth_group_id_seq
    START WITH 1
    INCREMENT BY 1
    NO MINVALUE
    NO MAXVALUE
    CACHE 1
);


--
-- Name: auth_group_permissions; Type: TABLE; Schema: public; Owner: serg
--

CREATE TABLE public.auth_group_permissions (
    id bigint NOT NULL,
    group_id integer NOT NULL,
    permission_id integer NOT NULL
);


ALTER TABLE public.auth_group_permissions OWNER TO serg;

--
-- Name: auth_group_permissions_id_seq; Type: SEQUENCE; Schema: public; Owner: serg
--

ALTER TABLE public.auth_group_permissions ALTER COLUMN id ADD GENERATED BY DEFAULT AS IDENTITY (
    SEQUENCE NAME public.auth_group_permissions_id_seq
    START WITH 1
    INCREMENT BY 1
    NO MINVALUE
    NO MAXVALUE
    CACHE 1
);


--
-- Name: auth_permission; Type: TABLE; Schema: public; Owner: serg
--

CREATE TABLE public.auth_permission (
    id integer NOT NULL,
    name character varying(255) NOT NULL,
    content_type_id integer NOT NULL,
    codename character varying(100) NOT NULL
);


ALTER TABLE public.auth_permission OWNER TO serg;

--
-- Name: auth_permission_id_seq; Type: SEQUENCE; Schema: public; Owner: serg
--

ALTER TABLE public.auth_permission ALTER COLUMN id ADD GENERATED BY DEFAULT AS IDENTITY (
    SEQUENCE NAME public.auth_permission_id_seq
    START WITH 1
    INCREMENT BY 1
    NO MINVALUE
    NO MAXVALUE
    CACHE 1
);


--
-- Name: auth_user; Type: TABLE; Schema: public; Owner: serg
--

CREATE TABLE public.auth_user (
    id integer NOT NULL,
    password character varying(128) NOT NULL,
    last_login timestamp with time zone,
    is_superuser boolean NOT NULL,
    username character varying(150) NOT NULL,
    first_name character varying(150) NOT NULL,
    last_name character varying(150) NOT NULL,
    email character varying(254) NOT NULL,
    is_staff boolean NOT NULL,
    is_active boolean NOT NULL,
    date_joined timestamp with time zone NOT NULL
);


ALTER TABLE public.auth_user OWNER TO serg;

--
-- Name: auth_user_groups; Type: TABLE; Schema: public; Owner: serg
--

CREATE TABLE public.auth_user_groups (
    id bigint NOT NULL,
    user_id integer NOT NULL,
    group_id integer NOT NULL
);


ALTER TABLE public.auth_user_groups OWNER TO serg;

--
-- Name: auth_user_groups_id_seq; Type: SEQUENCE; Schema: public; Owner: serg
--

ALTER TABLE public.auth_user_groups ALTER COLUMN id ADD GENERATED BY DEFAULT AS IDENTITY (
    SEQUENCE NAME public.auth_user_groups_id_seq
    START WITH 1
    INCREMENT BY 1
    NO MINVALUE
    NO MAXVALUE
    CACHE 1
);


--
-- Name: auth_user_id_seq; Type: SEQUENCE; Schema: public; Owner: serg
--

ALTER TABLE public.auth_user ALTER COLUMN id ADD GENERATED BY DEFAULT AS IDENTITY (
    SEQUENCE NAME public.auth_user_id_seq
    START WITH 1
    INCREMENT BY 1
    NO MINVALUE
    NO MAXVALUE
    CACHE 1
);


--
-- Name: auth_user_user_permissions; Type: TABLE; Schema: public; Owner: serg
--

CREATE TABLE public.auth_user_user_permissions (
    id bigint NOT NULL,
    user_id integer NOT NULL,
    permission_id integer NOT NULL
);


ALTER TABLE public.auth_user_user_permissions OWNER TO serg;

--
-- Name: auth_user_user_permissions_id_seq; Type: SEQUENCE; Schema: public; Owner: serg
--

ALTER TABLE public.auth_user_user_permissions ALTER COLUMN id ADD GENERATED BY DEFAULT AS IDENTITY (
    SEQUENCE NAME public.auth_user_user_permissions_id_seq
    START WITH 1
    INCREMENT BY 1
    NO MINVALUE
    NO MAXVALUE
    CACHE 1
);


--
-- Name: blog_breed; Type: TABLE; Schema: public; Owner: serg
--

CREATE TABLE public.blog_breed (
    id bigint NOT NULL,
    name character varying(250) NOT NULL,
    created timestamp with time zone NOT NULL,
    updated timestamp with time zone NOT NULL,
    breed_group_id bigint NOT NULL
);


ALTER TABLE public.blog_breed OWNER TO serg;

--
-- Name: blog_breed_id_seq; Type: SEQUENCE; Schema: public; Owner: serg
--

ALTER TABLE public.blog_breed ALTER COLUMN id ADD GENERATED BY DEFAULT AS IDENTITY (
    SEQUENCE NAME public.blog_breed_id_seq
    START WITH 1
    INCREMENT BY 1
    NO MINVALUE
    NO MAXVALUE
    CACHE 1
);


--
-- Name: blog_breedgroup; Type: TABLE; Schema: public; Owner: serg
--

CREATE TABLE public.blog_breedgroup (
    id bigint NOT NULL,
    name character varying(250) NOT NULL,
    created timestamp with time zone NOT NULL,
    updated timestamp with time zone NOT NULL
);


ALTER TABLE public.blog_breedgroup OWNER TO serg;

--
-- Name: blog_breedgroup_id_seq; Type: SEQUENCE; Schema: public; Owner: serg
--

ALTER TABLE public.blog_breedgroup ALTER COLUMN id ADD GENERATED BY DEFAULT AS IDENTITY (
    SEQUENCE NAME public.blog_breedgroup_id_seq
    START WITH 1
    INCREMENT BY 1
    NO MINVALUE
    NO MAXVALUE
    CACHE 1
);


--
-- Name: blog_city; Type: TABLE; Schema: public; Owner: serg
--

CREATE TABLE public.blog_city (
    id bigint NOT NULL,
    city_name character varying(250) NOT NULL,
    created timestamp with time zone NOT NULL,
    updated timestamp with time zone NOT NULL,
    country_id bigint NOT NULL
);


ALTER TABLE public.blog_city OWNER TO serg;

--
-- Name: blog_city_id_seq; Type: SEQUENCE; Schema: public; Owner: serg
--

ALTER TABLE public.blog_city ALTER COLUMN id ADD GENERATED BY DEFAULT AS IDENTITY (
    SEQUENCE NAME public.blog_city_id_seq
    START WITH 1
    INCREMENT BY 1
    NO MINVALUE
    NO MAXVALUE
    CACHE 1
);


--
-- Name: blog_country; Type: TABLE; Schema: public; Owner: serg
--

CREATE TABLE public.blog_country (
    id bigint NOT NULL,
    name character varying(250) NOT NULL,
    created timestamp with time zone NOT NULL,
    updated timestamp with time zone NOT NULL
);


ALTER TABLE public.blog_country OWNER TO serg;

--
-- Name: blog_country_id_seq; Type: SEQUENCE; Schema: public; Owner: serg
--

ALTER TABLE public.blog_country ALTER COLUMN id ADD GENERATED BY DEFAULT AS IDENTITY (
    SEQUENCE NAME public.blog_country_id_seq
    START WITH 1
    INCREMENT BY 1
    NO MINVALUE
    NO MAXVALUE
    CACHE 1
);


--
-- Name: blog_home; Type: TABLE; Schema: public; Owner: serg
--

CREATE TABLE public.blog_home (
    id bigint NOT NULL,
    home_name character varying(250) NOT NULL,
    description text NOT NULL,
    created timestamp with time zone NOT NULL,
    updated timestamp with time zone NOT NULL,
    street_id bigint NOT NULL
);


ALTER TABLE public.blog_home OWNER TO serg;

--
-- Name: blog_home_id_seq; Type: SEQUENCE; Schema: public; Owner: serg
--

ALTER TABLE public.blog_home ALTER COLUMN id ADD GENERATED BY DEFAULT AS IDENTITY (
    SEQUENCE NAME public.blog_home_id_seq
    START WITH 1
    INCREMENT BY 1
    NO MINVALUE
    NO MAXVALUE
    CACHE 1
);


--
-- Name: blog_post; Type: TABLE; Schema: public; Owner: serg
--

CREATE TABLE public.blog_post (
    id bigint NOT NULL,
    title character varying(250) NOT NULL,
    slug character varying(250) NOT NULL,
    body text NOT NULL,
    publish timestamp with time zone NOT NULL,
    created timestamp with time zone NOT NULL,
    updated timestamp with time zone NOT NULL
);


ALTER TABLE public.blog_post OWNER TO serg;

--
-- Name: blog_post_id_seq; Type: SEQUENCE; Schema: public; Owner: serg
--

ALTER TABLE public.blog_post ALTER COLUMN id ADD GENERATED BY DEFAULT AS IDENTITY (
    SEQUENCE NAME public.blog_post_id_seq
    START WITH 1
    INCREMENT BY 1
    NO MINVALUE
    NO MAXVALUE
    CACHE 1
);


--
-- Name: blog_street; Type: TABLE; Schema: public; Owner: serg
--

CREATE TABLE public.blog_street (
    id bigint NOT NULL,
    street_name character varying(250) NOT NULL,
    created timestamp with time zone NOT NULL,
    updated timestamp with time zone NOT NULL,
    country_id bigint NOT NULL
);


ALTER TABLE public.blog_street OWNER TO serg;

--
-- Name: blog_street_id_seq; Type: SEQUENCE; Schema: public; Owner: serg
--

ALTER TABLE public.blog_street ALTER COLUMN id ADD GENERATED BY DEFAULT AS IDENTITY (
    SEQUENCE NAME public.blog_street_id_seq
    START WITH 1
    INCREMENT BY 1
    NO MINVALUE
    NO MAXVALUE
    CACHE 1
);


--
-- Name: django_admin_log; Type: TABLE; Schema: public; Owner: serg
--

CREATE TABLE public.django_admin_log (
    id integer NOT NULL,
    action_time timestamp with time zone NOT NULL,
    object_id text,
    object_repr character varying(200) NOT NULL,
    action_flag smallint NOT NULL,
    change_message text NOT NULL,
    content_type_id integer,
    user_id integer NOT NULL,
    CONSTRAINT django_admin_log_action_flag_check CHECK ((action_flag >= 0))
);


ALTER TABLE public.django_admin_log OWNER TO serg;

--
-- Name: django_admin_log_id_seq; Type: SEQUENCE; Schema: public; Owner: serg
--

ALTER TABLE public.django_admin_log ALTER COLUMN id ADD GENERATED BY DEFAULT AS IDENTITY (
    SEQUENCE NAME public.django_admin_log_id_seq
    START WITH 1
    INCREMENT BY 1
    NO MINVALUE
    NO MAXVALUE
    CACHE 1
);


--
-- Name: django_content_type; Type: TABLE; Schema: public; Owner: serg
--

CREATE TABLE public.django_content_type (
    id integer NOT NULL,
    app_label character varying(100) NOT NULL,
    model character varying(100) NOT NULL
);


ALTER TABLE public.django_content_type OWNER TO serg;

--
-- Name: django_content_type_id_seq; Type: SEQUENCE; Schema: public; Owner: serg
--

ALTER TABLE public.django_content_type ALTER COLUMN id ADD GENERATED BY DEFAULT AS IDENTITY (
    SEQUENCE NAME public.django_content_type_id_seq
    START WITH 1
    INCREMENT BY 1
    NO MINVALUE
    NO MAXVALUE
    CACHE 1
);


--
-- Name: django_migrations; Type: TABLE; Schema: public; Owner: serg
--

CREATE TABLE public.django_migrations (
    id bigint NOT NULL,
    app character varying(255) NOT NULL,
    name character varying(255) NOT NULL,
    applied timestamp with time zone NOT NULL
);


ALTER TABLE public.django_migrations OWNER TO serg;

--
-- Name: django_migrations_id_seq; Type: SEQUENCE; Schema: public; Owner: serg
--

ALTER TABLE public.django_migrations ALTER COLUMN id ADD GENERATED BY DEFAULT AS IDENTITY (
    SEQUENCE NAME public.django_migrations_id_seq
    START WITH 1
    INCREMENT BY 1
    NO MINVALUE
    NO MAXVALUE
    CACHE 1
);


--
-- Name: django_session; Type: TABLE; Schema: public; Owner: serg
--

CREATE TABLE public.django_session (
    session_key character varying(40) NOT NULL,
    session_data text NOT NULL,
    expire_date timestamp with time zone NOT NULL
);


ALTER TABLE public.django_session OWNER TO serg;

--
-- Data for Name: auth_group; Type: TABLE DATA; Schema: public; Owner: serg
--



--
-- Data for Name: auth_group_permissions; Type: TABLE DATA; Schema: public; Owner: serg
--



--
-- Data for Name: auth_permission; Type: TABLE DATA; Schema: public; Owner: serg
--

INSERT INTO public.auth_permission VALUES (1, 'Can add log entry', 1, 'add_logentry');
INSERT INTO public.auth_permission VALUES (2, 'Can change log entry', 1, 'change_logentry');
INSERT INTO public.auth_permission VALUES (3, 'Can delete log entry', 1, 'delete_logentry');
INSERT INTO public.auth_permission VALUES (4, 'Can view log entry', 1, 'view_logentry');
INSERT INTO public.auth_permission VALUES (5, 'Can add permission', 3, 'add_permission');
INSERT INTO public.auth_permission VALUES (6, 'Can change permission', 3, 'change_permission');
INSERT INTO public.auth_permission VALUES (7, 'Can delete permission', 3, 'delete_permission');
INSERT INTO public.auth_permission VALUES (8, 'Can view permission', 3, 'view_permission');
INSERT INTO public.auth_permission VALUES (9, 'Can add group', 2, 'add_group');
INSERT INTO public.auth_permission VALUES (10, 'Can change group', 2, 'change_group');
INSERT INTO public.auth_permission VALUES (11, 'Can delete group', 2, 'delete_group');
INSERT INTO public.auth_permission VALUES (12, 'Can view group', 2, 'view_group');
INSERT INTO public.auth_permission VALUES (13, 'Can add user', 4, 'add_user');
INSERT INTO public.auth_permission VALUES (14, 'Can change user', 4, 'change_user');
INSERT INTO public.auth_permission VALUES (15, 'Can delete user', 4, 'delete_user');
INSERT INTO public.auth_permission VALUES (16, 'Can view user', 4, 'view_user');
INSERT INTO public.auth_permission VALUES (17, 'Can add content type', 5, 'add_contenttype');
INSERT INTO public.auth_permission VALUES (18, 'Can change content type', 5, 'change_contenttype');
INSERT INTO public.auth_permission VALUES (19, 'Can delete content type', 5, 'delete_contenttype');
INSERT INTO public.auth_permission VALUES (20, 'Can view content type', 5, 'view_contenttype');
INSERT INTO public.auth_permission VALUES (21, 'Can add session', 6, 'add_session');
INSERT INTO public.auth_permission VALUES (22, 'Can change session', 6, 'change_session');
INSERT INTO public.auth_permission VALUES (23, 'Can delete session', 6, 'delete_session');
INSERT INTO public.auth_permission VALUES (24, 'Can view session', 6, 'view_session');
INSERT INTO public.auth_permission VALUES (25, 'Can add breed group', 8, 'add_breedgroup');
INSERT INTO public.auth_permission VALUES (26, 'Can change breed group', 8, 'change_breedgroup');
INSERT INTO public.auth_permission VALUES (27, 'Can delete breed group', 8, 'delete_breedgroup');
INSERT INTO public.auth_permission VALUES (28, 'Can view breed group', 8, 'view_breedgroup');
INSERT INTO public.auth_permission VALUES (29, 'Can add country', 10, 'add_country');
INSERT INTO public.auth_permission VALUES (30, 'Can change country', 10, 'change_country');
INSERT INTO public.auth_permission VALUES (31, 'Can delete country', 10, 'delete_country');
INSERT INTO public.auth_permission VALUES (32, 'Can view country', 10, 'view_country');
INSERT INTO public.auth_permission VALUES (33, 'Can add breed', 7, 'add_breed');
INSERT INTO public.auth_permission VALUES (34, 'Can change breed', 7, 'change_breed');
INSERT INTO public.auth_permission VALUES (35, 'Can delete breed', 7, 'delete_breed');
INSERT INTO public.auth_permission VALUES (36, 'Can view breed', 7, 'view_breed');
INSERT INTO public.auth_permission VALUES (37, 'Can add city', 9, 'add_city');
INSERT INTO public.auth_permission VALUES (38, 'Can change city', 9, 'change_city');
INSERT INTO public.auth_permission VALUES (39, 'Can delete city', 9, 'delete_city');
INSERT INTO public.auth_permission VALUES (40, 'Can view city', 9, 'view_city');
INSERT INTO public.auth_permission VALUES (41, 'Can add post', 12, 'add_post');
INSERT INTO public.auth_permission VALUES (42, 'Can change post', 12, 'change_post');
INSERT INTO public.auth_permission VALUES (43, 'Can delete post', 12, 'delete_post');
INSERT INTO public.auth_permission VALUES (44, 'Can view post', 12, 'view_post');
INSERT INTO public.auth_permission VALUES (45, 'Can add street', 13, 'add_street');
INSERT INTO public.auth_permission VALUES (46, 'Can change street', 13, 'change_street');
INSERT INTO public.auth_permission VALUES (47, 'Can delete street', 13, 'delete_street');
INSERT INTO public.auth_permission VALUES (48, 'Can view street', 13, 'view_street');
INSERT INTO public.auth_permission VALUES (49, 'Can add home', 11, 'add_home');
INSERT INTO public.auth_permission VALUES (50, 'Can change home', 11, 'change_home');
INSERT INTO public.auth_permission VALUES (51, 'Can delete home', 11, 'delete_home');
INSERT INTO public.auth_permission VALUES (52, 'Can view home', 11, 'view_home');


--
-- Data for Name: auth_user; Type: TABLE DATA; Schema: public; Owner: serg
--



--
-- Data for Name: auth_user_groups; Type: TABLE DATA; Schema: public; Owner: serg
--



--
-- Data for Name: auth_user_user_permissions; Type: TABLE DATA; Schema: public; Owner: serg
--



--
-- Data for Name: blog_breed; Type: TABLE DATA; Schema: public; Owner: serg
--



--
-- Data for Name: blog_breedgroup; Type: TABLE DATA; Schema: public; Owner: serg
--



--
-- Data for Name: blog_city; Type: TABLE DATA; Schema: public; Owner: serg
--



--
-- Data for Name: blog_country; Type: TABLE DATA; Schema: public; Owner: serg
--



--
-- Data for Name: blog_home; Type: TABLE DATA; Schema: public; Owner: serg
--



--
-- Data for Name: blog_post; Type: TABLE DATA; Schema: public; Owner: serg
--



--
-- Data for Name: blog_street; Type: TABLE DATA; Schema: public; Owner: serg
--



--
-- Data for Name: django_admin_log; Type: TABLE DATA; Schema: public; Owner: serg
--



--
-- Data for Name: django_content_type; Type: TABLE DATA; Schema: public; Owner: serg
--

INSERT INTO public.django_content_type VALUES (1, 'admin', 'logentry');
INSERT INTO public.django_content_type VALUES (2, 'auth', 'group');
INSERT INTO public.django_content_type VALUES (3, 'auth', 'permission');
INSERT INTO public.django_content_type VALUES (4, 'auth', 'user');
INSERT INTO public.django_content_type VALUES (5, 'contenttypes', 'contenttype');
INSERT INTO public.django_content_type VALUES (6, 'sessions', 'session');
INSERT INTO public.django_content_type VALUES (7, 'blog', 'breed');
INSERT INTO public.django_content_type VALUES (8, 'blog', 'breedgroup');
INSERT INTO public.django_content_type VALUES (9, 'blog', 'city');
INSERT INTO public.django_content_type VALUES (10, 'blog', 'country');
INSERT INTO public.django_content_type VALUES (11, 'blog', 'home');
INSERT INTO public.django_content_type VALUES (12, 'blog', 'post');
INSERT INTO public.django_content_type VALUES (13, 'blog', 'street');


--
-- Data for Name: django_migrations; Type: TABLE DATA; Schema: public; Owner: serg
--

INSERT INTO public.django_migrations VALUES (1, 'contenttypes', '0001_initial', '2026-03-01 06:09:05.82344-09');
INSERT INTO public.django_migrations VALUES (2, 'auth', '0001_initial', '2026-03-01 06:09:06.032075-09');
INSERT INTO public.django_migrations VALUES (3, 'admin', '0001_initial', '2026-03-01 06:09:06.168359-09');
INSERT INTO public.django_migrations VALUES (4, 'admin', '0002_logentry_remove_auto_add', '2026-03-01 06:09:06.210073-09');
INSERT INTO public.django_migrations VALUES (5, 'admin', '0003_logentry_add_action_flag_choices', '2026-03-01 06:09:06.235088-09');
INSERT INTO public.django_migrations VALUES (6, 'contenttypes', '0002_remove_content_type_name', '2026-03-01 06:09:06.335561-09');
INSERT INTO public.django_migrations VALUES (7, 'auth', '0002_alter_permission_name_max_length', '2026-03-01 06:09:06.362091-09');
INSERT INTO public.django_migrations VALUES (8, 'auth', '0003_alter_user_email_max_length', '2026-03-01 06:09:06.397788-09');
INSERT INTO public.django_migrations VALUES (9, 'auth', '0004_alter_user_username_opts', '2026-03-01 06:09:06.418355-09');
INSERT INTO public.django_migrations VALUES (10, 'auth', '0005_alter_user_last_login_null', '2026-03-01 06:09:06.433957-09');
INSERT INTO public.django_migrations VALUES (11, 'auth', '0006_require_contenttypes_0002', '2026-03-01 06:09:06.437793-09');
INSERT INTO public.django_migrations VALUES (12, 'auth', '0007_alter_validators_add_error_messages', '2026-03-01 06:09:06.455216-09');
INSERT INTO public.django_migrations VALUES (13, 'auth', '0008_alter_user_username_max_length', '2026-03-01 06:09:06.512867-09');
INSERT INTO public.django_migrations VALUES (14, 'auth', '0009_alter_user_last_name_max_length', '2026-03-01 06:09:06.547671-09');
INSERT INTO public.django_migrations VALUES (15, 'auth', '0010_alter_group_name_max_length', '2026-03-01 06:09:06.633002-09');
INSERT INTO public.django_migrations VALUES (16, 'auth', '0011_update_proxy_permissions', '2026-03-01 06:09:06.662684-09');
INSERT INTO public.django_migrations VALUES (17, 'auth', '0012_alter_user_first_name_max_length', '2026-03-01 06:09:06.723202-09');
INSERT INTO public.django_migrations VALUES (18, 'blog', '0001_initial', '2026-03-01 06:09:06.909595-09');
INSERT INTO public.django_migrations VALUES (19, 'sessions', '0001_initial', '2026-03-01 06:09:06.933028-09');


--
-- Data for Name: django_session; Type: TABLE DATA; Schema: public; Owner: serg
--

INSERT INTO public.django_session VALUES ('x6todgetnb98qgc2mme0v7a80xerv40v', '.eJyrVirPrEosSolPTEkpSi0ujodwlayqlYpLUguUrPJKc3J0wOz4lMSSRKBELZSblpmTWgzhp1aUFCXC5WtrAXzDIBA:1vwj70:kSE-0chHXHhE64vFwc6PCLmkQZHRFJAvbVsYAre6PQI', '2026-03-15 07:53:42.95298-08');


--
-- Name: auth_group_id_seq; Type: SEQUENCE SET; Schema: public; Owner: serg
--

SELECT pg_catalog.setval('public.auth_group_id_seq', 1, false);


--
-- Name: auth_group_permissions_id_seq; Type: SEQUENCE SET; Schema: public; Owner: serg
--

SELECT pg_catalog.setval('public.auth_group_permissions_id_seq', 1, false);


--
-- Name: auth_permission_id_seq; Type: SEQUENCE SET; Schema: public; Owner: serg
--

SELECT pg_catalog.setval('public.auth_permission_id_seq', 52, true);


--
-- Name: auth_user_groups_id_seq; Type: SEQUENCE SET; Schema: public; Owner: serg
--

SELECT pg_catalog.setval('public.auth_user_groups_id_seq', 1, false);


--
-- Name: auth_user_id_seq; Type: SEQUENCE SET; Schema: public; Owner: serg
--

SELECT pg_catalog.setval('public.auth_user_id_seq', 1, false);


--
-- Name: auth_user_user_permissions_id_seq; Type: SEQUENCE SET; Schema: public; Owner: serg
--

SELECT pg_catalog.setval('public.auth_user_user_permissions_id_seq', 1, false);


--
-- Name: blog_breed_id_seq; Type: SEQUENCE SET; Schema: public; Owner: serg
--

SELECT pg_catalog.setval('public.blog_breed_id_seq', 1, false);


--
-- Name: blog_breedgroup_id_seq; Type: SEQUENCE SET; Schema: public; Owner: serg
--

SELECT pg_catalog.setval('public.blog_breedgroup_id_seq', 1, false);


--
-- Name: blog_city_id_seq; Type: SEQUENCE SET; Schema: public; Owner: serg
--

SELECT pg_catalog.setval('public.blog_city_id_seq', 1, false);


--
-- Name: blog_country_id_seq; Type: SEQUENCE SET; Schema: public; Owner: serg
--

SELECT pg_catalog.setval('public.blog_country_id_seq', 1, false);


--
-- Name: blog_home_id_seq; Type: SEQUENCE SET; Schema: public; Owner: serg
--

SELECT pg_catalog.setval('public.blog_home_id_seq', 1, false);


--
-- Name: blog_post_id_seq; Type: SEQUENCE SET; Schema: public; Owner: serg
--

SELECT pg_catalog.setval('public.blog_post_id_seq', 1, false);


--
-- Name: blog_street_id_seq; Type: SEQUENCE SET; Schema: public; Owner: serg
--

SELECT pg_catalog.setval('public.blog_street_id_seq', 1, false);


--
-- Name: django_admin_log_id_seq; Type: SEQUENCE SET; Schema: public; Owner: serg
--

SELECT pg_catalog.setval('public.django_admin_log_id_seq', 1, false);


--
-- Name: django_content_type_id_seq; Type: SEQUENCE SET; Schema: public; Owner: serg
--

SELECT pg_catalog.setval('public.django_content_type_id_seq', 13, true);


--
-- Name: django_migrations_id_seq; Type: SEQUENCE SET; Schema: public; Owner: serg
--

SELECT pg_catalog.setval('public.django_migrations_id_seq', 19, true);


--
-- Name: auth_group auth_group_name_key; Type: CONSTRAINT; Schema: public; Owner: serg
--

ALTER TABLE ONLY public.auth_group
    ADD CONSTRAINT auth_group_name_key UNIQUE (name);


--
-- Name: auth_group_permissions auth_group_permissions_group_id_permission_id_0cd325b0_uniq; Type: CONSTRAINT; Schema: public; Owner: serg
--

ALTER TABLE ONLY public.auth_group_permissions
    ADD CONSTRAINT auth_group_permissions_group_id_permission_id_0cd325b0_uniq UNIQUE (group_id, permission_id);


--
-- Name: auth_group_permissions auth_group_permissions_pkey; Type: CONSTRAINT; Schema: public; Owner: serg
--

ALTER TABLE ONLY public.auth_group_permissions
    ADD CONSTRAINT auth_group_permissions_pkey PRIMARY KEY (id);


--
-- Name: auth_group auth_group_pkey; Type: CONSTRAINT; Schema: public; Owner: serg
--

ALTER TABLE ONLY public.auth_group
    ADD CONSTRAINT auth_group_pkey PRIMARY KEY (id);


--
-- Name: auth_permission auth_permission_content_type_id_codename_01ab375a_uniq; Type: CONSTRAINT; Schema: public; Owner: serg
--

ALTER TABLE ONLY public.auth_permission
    ADD CONSTRAINT auth_permission_content_type_id_codename_01ab375a_uniq UNIQUE (content_type_id, codename);


--
-- Name: auth_permission auth_permission_pkey; Type: CONSTRAINT; Schema: public; Owner: serg
--

ALTER TABLE ONLY public.auth_permission
    ADD CONSTRAINT auth_permission_pkey PRIMARY KEY (id);


--
-- Name: auth_user_groups auth_user_groups_pkey; Type: CONSTRAINT; Schema: public; Owner: serg
--

ALTER TABLE ONLY public.auth_user_groups
    ADD CONSTRAINT auth_user_groups_pkey PRIMARY KEY (id);


--
-- Name: auth_user_groups auth_user_groups_user_id_group_id_94350c0c_uniq; Type: CONSTRAINT; Schema: public; Owner: serg
--

ALTER TABLE ONLY public.auth_user_groups
    ADD CONSTRAINT auth_user_groups_user_id_group_id_94350c0c_uniq UNIQUE (user_id, group_id);


--
-- Name: auth_user auth_user_pkey; Type: CONSTRAINT; Schema: public; Owner: serg
--

ALTER TABLE ONLY public.auth_user
    ADD CONSTRAINT auth_user_pkey PRIMARY KEY (id);


--
-- Name: auth_user_user_permissions auth_user_user_permissions_pkey; Type: CONSTRAINT; Schema: public; Owner: serg
--

ALTER TABLE ONLY public.auth_user_user_permissions
    ADD CONSTRAINT auth_user_user_permissions_pkey PRIMARY KEY (id);


--
-- Name: auth_user_user_permissions auth_user_user_permissions_user_id_permission_id_14a6b632_uniq; Type: CONSTRAINT; Schema: public; Owner: serg
--

ALTER TABLE ONLY public.auth_user_user_permissions
    ADD CONSTRAINT auth_user_user_permissions_user_id_permission_id_14a6b632_uniq UNIQUE (user_id, permission_id);


--
-- Name: auth_user auth_user_username_key; Type: CONSTRAINT; Schema: public; Owner: serg
--

ALTER TABLE ONLY public.auth_user
    ADD CONSTRAINT auth_user_username_key UNIQUE (username);


--
-- Name: blog_breed blog_breed_pkey; Type: CONSTRAINT; Schema: public; Owner: serg
--

ALTER TABLE ONLY public.blog_breed
    ADD CONSTRAINT blog_breed_pkey PRIMARY KEY (id);


--
-- Name: blog_breedgroup blog_breedgroup_pkey; Type: CONSTRAINT; Schema: public; Owner: serg
--

ALTER TABLE ONLY public.blog_breedgroup
    ADD CONSTRAINT blog_breedgroup_pkey PRIMARY KEY (id);


--
-- Name: blog_city blog_city_pkey; Type: CONSTRAINT; Schema: public; Owner: serg
--

ALTER TABLE ONLY public.blog_city
    ADD CONSTRAINT blog_city_pkey PRIMARY KEY (id);


--
-- Name: blog_country blog_country_pkey; Type: CONSTRAINT; Schema: public; Owner: serg
--

ALTER TABLE ONLY public.blog_country
    ADD CONSTRAINT blog_country_pkey PRIMARY KEY (id);


--
-- Name: blog_home blog_home_pkey; Type: CONSTRAINT; Schema: public; Owner: serg
--

ALTER TABLE ONLY public.blog_home
    ADD CONSTRAINT blog_home_pkey PRIMARY KEY (id);


--
-- Name: blog_post blog_post_pkey; Type: CONSTRAINT; Schema: public; Owner: serg
--

ALTER TABLE ONLY public.blog_post
    ADD CONSTRAINT blog_post_pkey PRIMARY KEY (id);


--
-- Name: blog_street blog_street_pkey; Type: CONSTRAINT; Schema: public; Owner: serg
--

ALTER TABLE ONLY public.blog_street
    ADD CONSTRAINT blog_street_pkey PRIMARY KEY (id);


--
-- Name: django_admin_log django_admin_log_pkey; Type: CONSTRAINT; Schema: public; Owner: serg
--

ALTER TABLE ONLY public.django_admin_log
    ADD CONSTRAINT django_admin_log_pkey PRIMARY KEY (id);


--
-- Name: django_content_type django_content_type_app_label_model_76bd3d3b_uniq; Type: CONSTRAINT; Schema: public; Owner: serg
--

ALTER TABLE ONLY public.django_content_type
    ADD CONSTRAINT django_content_type_app_label_model_76bd3d3b_uniq UNIQUE (app_label, model);


--
-- Name: django_content_type django_content_type_pkey; Type: CONSTRAINT; Schema: public; Owner: serg
--

ALTER TABLE ONLY public.django_content_type
    ADD CONSTRAINT django_content_type_pkey PRIMARY KEY (id);


--
-- Name: django_migrations django_migrations_pkey; Type: CONSTRAINT; Schema: public; Owner: serg
--

ALTER TABLE ONLY public.django_migrations
    ADD CONSTRAINT django_migrations_pkey PRIMARY KEY (id);


--
-- Name: django_session django_session_pkey; Type: CONSTRAINT; Schema: public; Owner: serg
--

ALTER TABLE ONLY public.django_session
    ADD CONSTRAINT django_session_pkey PRIMARY KEY (session_key);


--
-- Name: auth_group_name_a6ea08ec_like; Type: INDEX; Schema: public; Owner: serg
--

CREATE INDEX auth_group_name_a6ea08ec_like ON public.auth_group USING btree (name varchar_pattern_ops);


--
-- Name: auth_group_permissions_group_id_b120cbf9; Type: INDEX; Schema: public; Owner: serg
--

CREATE INDEX auth_group_permissions_group_id_b120cbf9 ON public.auth_group_permissions USING btree (group_id);


--
-- Name: auth_group_permissions_permission_id_84c5c92e; Type: INDEX; Schema: public; Owner: serg
--

CREATE INDEX auth_group_permissions_permission_id_84c5c92e ON public.auth_group_permissions USING btree (permission_id);


--
-- Name: auth_permission_content_type_id_2f476e4b; Type: INDEX; Schema: public; Owner: serg
--

CREATE INDEX auth_permission_content_type_id_2f476e4b ON public.auth_permission USING btree (content_type_id);


--
-- Name: auth_user_groups_group_id_97559544; Type: INDEX; Schema: public; Owner: serg
--

CREATE INDEX auth_user_groups_group_id_97559544 ON public.auth_user_groups USING btree (group_id);


--
-- Name: auth_user_groups_user_id_6a12ed8b; Type: INDEX; Schema: public; Owner: serg
--

CREATE INDEX auth_user_groups_user_id_6a12ed8b ON public.auth_user_groups USING btree (user_id);


--
-- Name: auth_user_user_permissions_permission_id_1fbb5f2c; Type: INDEX; Schema: public; Owner: serg
--

CREATE INDEX auth_user_user_permissions_permission_id_1fbb5f2c ON public.auth_user_user_permissions USING btree (permission_id);


--
-- Name: auth_user_user_permissions_user_id_a95ead1b; Type: INDEX; Schema: public; Owner: serg
--

CREATE INDEX auth_user_user_permissions_user_id_a95ead1b ON public.auth_user_user_permissions USING btree (user_id);


--
-- Name: auth_user_username_6821ab7c_like; Type: INDEX; Schema: public; Owner: serg
--

CREATE INDEX auth_user_username_6821ab7c_like ON public.auth_user USING btree (username varchar_pattern_ops);


--
-- Name: blog_breed_breed_group_id_4e964040; Type: INDEX; Schema: public; Owner: serg
--

CREATE INDEX blog_breed_breed_group_id_4e964040 ON public.blog_breed USING btree (breed_group_id);


--
-- Name: blog_city_country_id_22cb678e; Type: INDEX; Schema: public; Owner: serg
--

CREATE INDEX blog_city_country_id_22cb678e ON public.blog_city USING btree (country_id);


--
-- Name: blog_home_street_id_cf30f454; Type: INDEX; Schema: public; Owner: serg
--

CREATE INDEX blog_home_street_id_cf30f454 ON public.blog_home USING btree (street_id);


--
-- Name: blog_post_publish_bb7600_idx; Type: INDEX; Schema: public; Owner: serg
--

CREATE INDEX blog_post_publish_bb7600_idx ON public.blog_post USING btree (publish DESC);


--
-- Name: blog_post_slug_b95473f2; Type: INDEX; Schema: public; Owner: serg
--

CREATE INDEX blog_post_slug_b95473f2 ON public.blog_post USING btree (slug);


--
-- Name: blog_post_slug_b95473f2_like; Type: INDEX; Schema: public; Owner: serg
--

CREATE INDEX blog_post_slug_b95473f2_like ON public.blog_post USING btree (slug varchar_pattern_ops);


--
-- Name: blog_street_country_id_5bea68a9; Type: INDEX; Schema: public; Owner: serg
--

CREATE INDEX blog_street_country_id_5bea68a9 ON public.blog_street USING btree (country_id);


--
-- Name: django_admin_log_content_type_id_c4bce8eb; Type: INDEX; Schema: public; Owner: serg
--

CREATE INDEX django_admin_log_content_type_id_c4bce8eb ON public.django_admin_log USING btree (content_type_id);


--
-- Name: django_admin_log_user_id_c564eba6; Type: INDEX; Schema: public; Owner: serg
--

CREATE INDEX django_admin_log_user_id_c564eba6 ON public.django_admin_log USING btree (user_id);


--
-- Name: django_session_expire_date_a5c62663; Type: INDEX; Schema: public; Owner: serg
--

CREATE INDEX django_session_expire_date_a5c62663 ON public.django_session USING btree (expire_date);


--
-- Name: django_session_session_key_c0390e0f_like; Type: INDEX; Schema: public; Owner: serg
--

CREATE INDEX django_session_session_key_c0390e0f_like ON public.django_session USING btree (session_key varchar_pattern_ops);


--
-- Name: auth_group_permissions auth_group_permissio_permission_id_84c5c92e_fk_auth_perm; Type: FK CONSTRAINT; Schema: public; Owner: serg
--

ALTER TABLE ONLY public.auth_group_permissions
    ADD CONSTRAINT auth_group_permissio_permission_id_84c5c92e_fk_auth_perm FOREIGN KEY (permission_id) REFERENCES public.auth_permission(id) DEFERRABLE INITIALLY DEFERRED;


--
-- Name: auth_group_permissions auth_group_permissions_group_id_b120cbf9_fk_auth_group_id; Type: FK CONSTRAINT; Schema: public; Owner: serg
--

ALTER TABLE ONLY public.auth_group_permissions
    ADD CONSTRAINT auth_group_permissions_group_id_b120cbf9_fk_auth_group_id FOREIGN KEY (group_id) REFERENCES public.auth_group(id) DEFERRABLE INITIALLY DEFERRED;


--
-- Name: auth_permission auth_permission_content_type_id_2f476e4b_fk_django_co; Type: FK CONSTRAINT; Schema: public; Owner: serg
--

ALTER TABLE ONLY public.auth_permission
    ADD CONSTRAINT auth_permission_content_type_id_2f476e4b_fk_django_co FOREIGN KEY (content_type_id) REFERENCES public.django_content_type(id) DEFERRABLE INITIALLY DEFERRED;


--
-- Name: auth_user_groups auth_user_groups_group_id_97559544_fk_auth_group_id; Type: FK CONSTRAINT; Schema: public; Owner: serg
--

ALTER TABLE ONLY public.auth_user_groups
    ADD CONSTRAINT auth_user_groups_group_id_97559544_fk_auth_group_id FOREIGN KEY (group_id) REFERENCES public.auth_group(id) DEFERRABLE INITIALLY DEFERRED;


--
-- Name: auth_user_groups auth_user_groups_user_id_6a12ed8b_fk_auth_user_id; Type: FK CONSTRAINT; Schema: public; Owner: serg
--

ALTER TABLE ONLY public.auth_user_groups
    ADD CONSTRAINT auth_user_groups_user_id_6a12ed8b_fk_auth_user_id FOREIGN KEY (user_id) REFERENCES public.auth_user(id) DEFERRABLE INITIALLY DEFERRED;


--
-- Name: auth_user_user_permissions auth_user_user_permi_permission_id_1fbb5f2c_fk_auth_perm; Type: FK CONSTRAINT; Schema: public; Owner: serg
--

ALTER TABLE ONLY public.auth_user_user_permissions
    ADD CONSTRAINT auth_user_user_permi_permission_id_1fbb5f2c_fk_auth_perm FOREIGN KEY (permission_id) REFERENCES public.auth_permission(id) DEFERRABLE INITIALLY DEFERRED;


--
-- Name: auth_user_user_permissions auth_user_user_permissions_user_id_a95ead1b_fk_auth_user_id; Type: FK CONSTRAINT; Schema: public; Owner: serg
--

ALTER TABLE ONLY public.auth_user_user_permissions
    ADD CONSTRAINT auth_user_user_permissions_user_id_a95ead1b_fk_auth_user_id FOREIGN KEY (user_id) REFERENCES public.auth_user(id) DEFERRABLE INITIALLY DEFERRED;


--
-- Name: blog_breed blog_breed_breed_group_id_4e964040_fk_blog_breedgroup_id; Type: FK CONSTRAINT; Schema: public; Owner: serg
--

ALTER TABLE ONLY public.blog_breed
    ADD CONSTRAINT blog_breed_breed_group_id_4e964040_fk_blog_breedgroup_id FOREIGN KEY (breed_group_id) REFERENCES public.blog_breedgroup(id) DEFERRABLE INITIALLY DEFERRED;


--
-- Name: blog_city blog_city_country_id_22cb678e_fk_blog_country_id; Type: FK CONSTRAINT; Schema: public; Owner: serg
--

ALTER TABLE ONLY public.blog_city
    ADD CONSTRAINT blog_city_country_id_22cb678e_fk_blog_country_id FOREIGN KEY (country_id) REFERENCES public.blog_country(id) DEFERRABLE INITIALLY DEFERRED;


--
-- Name: blog_home blog_home_street_id_cf30f454_fk_blog_street_id; Type: FK CONSTRAINT; Schema: public; Owner: serg
--

ALTER TABLE ONLY public.blog_home
    ADD CONSTRAINT blog_home_street_id_cf30f454_fk_blog_street_id FOREIGN KEY (street_id) REFERENCES public.blog_street(id) DEFERRABLE INITIALLY DEFERRED;


--
-- Name: blog_street blog_street_country_id_5bea68a9_fk_blog_city_id; Type: FK CONSTRAINT; Schema: public; Owner: serg
--

ALTER TABLE ONLY public.blog_street
    ADD CONSTRAINT blog_street_country_id_5bea68a9_fk_blog_city_id FOREIGN KEY (country_id) REFERENCES public.blog_city(id) DEFERRABLE INITIALLY DEFERRED;


--
-- Name: django_admin_log django_admin_log_content_type_id_c4bce8eb_fk_django_co; Type: FK CONSTRAINT; Schema: public; Owner: serg
--

ALTER TABLE ONLY public.django_admin_log
    ADD CONSTRAINT django_admin_log_content_type_id_c4bce8eb_fk_django_co FOREIGN KEY (content_type_id) REFERENCES public.django_content_type(id) DEFERRABLE INITIALLY DEFERRED;


--
-- Name: django_admin_log django_admin_log_user_id_c564eba6_fk_auth_user_id; Type: FK CONSTRAINT; Schema: public; Owner: serg
--

ALTER TABLE ONLY public.django_admin_log
    ADD CONSTRAINT django_admin_log_user_id_c564eba6_fk_auth_user_id FOREIGN KEY (user_id) REFERENCES public.auth_user(id) DEFERRABLE INITIALLY DEFERRED;


--
-- PostgreSQL database dump complete
--

\unrestrict SrkjOxNVCgDTDJhFYg0NMAoO1NPPfH6UnuMb2iDhbWRvD1h8FA6QyXhb3sdhER4

